group,completed_updates,path,sha256,bytes,retained,protection,evaluation_variant
C0,0,/ssdwork/guohaoran/nexus_fast_track/diagnostics/topology_flow_user50_20261002/run/checkpoints/flow-0000000.pt,300c415b74e4daff7df0feb974d49cddb23a93f1c500f4eb941995b61cf2e808,9335977104,False,,
C0,1,/ssdwork/guohaoran/nexus_fast_track/diagnostics/topology_flow_user50_20261002/run/checkpoints/flow-0000001.pt,7b279c9bf88145e281b62f7c590d568091b0e712e67f7372e9e8031bbcf4cb8b,28007856377,False,,
C0,3,/ssdwork/guohaoran/nexus_fast_track/diagnostics/topology_flow_user50_20261002/run/checkpoints/flow-0000003.pt,da598b91ab79ea1e52c5830ae2435d138182079f452cd2a75f0455735d2651b5,28007856377,False,,
C0,100,/ssdwork/guohaoran/nexus_fast_track/diagnostics/topology_flow_user50_20261002/run/checkpoints/flow-0000100.pt,96ab209e6aed0e40a6471051cefbe8e4b48ec00a102090bcdb36dcd385bbf312,28007856377,False,,
C0,200,/ssdwork/guohaoran/nexus_fast_track/diagnostics/topology_flow_user50_20261002/run/checkpoints/flow-0000200.pt,c47711cb4fb68bb4cee45beece287490036302d4af17a7755b6c859e11d6f184,28007856377,False,,
C0,300,/ssdwork/guohaoran/nexus_fast_track/diagnostics/topology_flow_user50_20261002/run/checkpoints/flow-0000300.pt,7651a909b12ddb9fbfdeff136034cdc670f07ce262e11b72f20f4781b6beb454,28007856377,False,,
C0,400,/ssdwork/guohaoran/nexus_fast_track/diagnostics/topology_flow_user50_20261002/run/checkpoints/flow-0000400.pt,b49715fe7430c3de5200aaa6ba26ba7e3743d48888e53bf228f566160ad16071,28007856377,False,,
C0,500,/guohaoran/nexus_fast_track/diagnostics/topology_flow_user50_continue_20261006/run/checkpoints/flow-0000500.pt,d2c08bd377bfea373cb139a7fa43bd42cf64a2de93bf65db83c605f75adb367f,28007856377,True,scheduled_evaluation;final,c0_step500
C0,600,/guohaoran/nexus_fast_track/diagnostics/topology_flow_user50_continue_20261006/run/checkpoints/flow-0000600.pt,f9388df416b00102e53af1ec6c7d8c4dddaa2d4dcfcb75d34bba64a32e5fa215,28007856377,False,,
C0,700,/guohaoran/nexus_fast_track/diagnostics/topology_flow_user50_continue_20261006/run/checkpoints/flow-0000700.pt,f51a6486bbc4a76d3492d38ca086410d379c8a09fb3b949f7cb11f5a4d135f46,28007856377,False,,
C0,800,/guohaoran/nexus_fast_track/diagnostics/topology_flow_user50_continue_20261006/run/checkpoints/flow-0000800.pt,9ca8cefbf7befa36f872488b941d821a979a93cc52629d1c8b36829569cbdfc0,28007856377,False,,
C0,900,/guohaoran/nexus_fast_track/diagnostics/topology_flow_user50_continue_20261006/run/checkpoints/flow-0000900.pt,6a00e14b14128fb524a30ccbe2423dd4c2f73f4d259fd13fd0664fd85bd7f3ed,28007856377,False,,
C0,1000,/guohaoran/nexus_fast_track/diagnostics/topology_flow_user50_continue_20261006/run/checkpoints/flow-0001000.pt,20b297ed40643b6bc82a4ce535252e578397c2eb1e76e09a90c2624980678d52,28007856377,True,scheduled_evaluation;final,c0_step1000
C1,0,/guohaoran/nexus_fast_track/diagnostics/topology_flow_candidates_20261007/c1/run/checkpoints/flow-0000000.pt,83b62527d8fbe5a87185330e335cadc46274aae9c1c769a35d87bfd977a3f0f3,9336224676,False,,
C1,1,/guohaoran/nexus_fast_track/diagnostics/topology_flow_candidates_20261007/c1/run/checkpoints/flow-0000001.pt,fe3f0ce210369eac7b334be2da9d031588d5f455d5ace2e07cc5816594f7ea12,28008597241,False,,
C1,3,/guohaoran/nexus_fast_track/diagnostics/topology_flow_candidates_20261007/c1/run/checkpoints/flow-0000003.pt,911addca12c7583a2c2f3bf7d802191e9b354680e48be37d1bc5b49dbbbcf2d2,28008597241,False,,
C1,500,/guohaoran/nexus_fast_track/diagnostics/topology_flow_candidates_20261007/c1/run/checkpoints/flow-0000500.pt,5f4694033858d7cbc0f3bc77be485f41f396c42f67e88797a6e963f64a5bc4e9,28008597241,True,scheduled_evaluation,c1_step500
C1,904,/guohaoran/nexus_fast_track/diagnostics/topology_flow_candidates_20261007/c1/run/checkpoints/flow-0000904.pt,ecc06db9adfaeb56be24ea23ec84ba1b2eee231d250cb7433d59e8503416f197,28008597241,True,final,c1_step904
C2,0,/guohaoran/nexus_fast_track/diagnostics/topology_flow_candidates_20261007/c2/run/checkpoints/flow-0000000.pt,ed4ff15d76e5a0866ed7d30ea6797f72167d5076d132c32bc8a90eca9b8b10bb,9335294956,False,,
C2,1,/guohaoran/nexus_fast_track/diagnostics/topology_flow_candidates_20261007/c2/run/checkpoints/flow-0000001.pt,2b0f8b938c6f9a56bfff1bf31c60aad70879e7858c4d4924e34d453b9604cefe,28005796405,False,,
C2,3,/guohaoran/nexus_fast_track/diagnostics/topology_flow_candidates_20261007/c2/run/checkpoints/flow-0000003.pt,c571c5ebf1d235e373e2827b82fa71ba364b88bbbb013df0a74e8dde51696f4c,28005796405,False,,
C2,500,/guohaoran/nexus_fast_track/diagnostics/topology_flow_candidates_20261007/c2/run/checkpoints/flow-0000500.pt,d73446bd7bffce8f7bdf3ba69c2fc3ff7ff7f2c4f4f3f54a6b92a05c232bbc25,28005796405,True,scheduled_evaluation,c2_step500
C2,1000,/guohaoran/nexus_fast_track/diagnostics/topology_flow_candidates_20261007/c2/run/checkpoints/flow-0001000.pt,6d338af27ee36d2d4efb962f90a76ab0736803580a9db36bb804aaa26be652b2,28005796405,True,scheduled_evaluation,
C2,1049,/guohaoran/nexus_fast_track/diagnostics/topology_flow_candidates_20261007/c2/run/checkpoints/flow-0001049.pt,4aa9a4536d6cbabc10c539ac1cae5252e8de45597bcf71c22457e42a4dd6ced9,28005796405,True,final,
