left,right,group,group_expected_meshes,common_meshes,group_complete,source_both_full50,scope,uids,left_edge_tp,right_edge_tp,delta_edge_tp,left_edge_fp,right_edge_fp,delta_edge_fp,left_edge_fn,right_edge_fn,delta_edge_fn,left_edge_micro_f1,right_edge_micro_f1,delta_edge_micro_f1,left_edge_errors,right_edge_errors,delta_edge_errors,edge_f1_improved,edge_f1_worsened,edge_f1_unchanged,left_face_tp,right_face_tp,delta_face_tp,left_face_fp,right_face_fp,delta_face_fp,left_face_fn,right_face_fn,delta_face_fn,left_face_micro_f1,right_face_micro_f1,delta_face_micro_f1,left_face_errors,right_face_errors,delta_face_errors,face_f1_improved,face_f1_worsened,face_f1_unchanged
c0_step500,c1_step500,all50,50,50,True,True,complete_defined_group,nexus_2k_001150;nexus_2k_001045;nexus_2k_000084;nexus_2k_001692;nexus_2k_001843;nexus_2k_000346;nexus_2k_001780;nexus_2k_000796;nexus_2k_001085;nexus_2k_000020;nexus_2k_000447;nexus_2k_001179;nexus_2k_000118;nexus_2k_000074;nexus_2k_000519;nexus_2k_001087;nexus_2k_000053;nexus_2k_000675;nexus_2k_001716;nexus_2k_000242;nexus_2k_000823;nexus_2k_001536;nexus_2k_000840;nexus_2k_001577;nexus_2k_001216;nexus_2k_001331;nexus_2k_000142;nexus_2k_001550;nexus_2k_000872;nexus_2k_000952;nexus_2k_001825;nexus_2k_001483;nexus_2k_001439;nexus_2k_001178;nexus_2k_001317;nexus_2k_000869;nexus_2k_001415;nexus_2k_000283;nexus_2k_000935;nexus_2k_000815;nexus_2k_000800;nexus_2k_001211;nexus_2k_001093;nexus_2k_000783;nexus_2k_000083;nexus_2k_001792;nexus_2k_000280;nexus_2k_000167;nexus_2k_001232;nexus_2k_000898,6685,9649,2964,232059,175059,-57000,148293,145329,-2964,0.03395797034455784,0.056811290427041444,0.022853320082483607,380352,320388,-59964,47,2,1,84,175,91,270180,165699,-104481,102806,102715,-91,0.00045021626459853034,0.0013022577428524653,0.0008520414782539349,372986,268414,-104572,36,3,11
c0_step500,c1_step500,N_lt500,17,17,True,True,complete_defined_group,nexus_2k_001150;nexus_2k_001045;nexus_2k_000084;nexus_2k_001692;nexus_2k_001843;nexus_2k_000346;nexus_2k_001780;nexus_2k_000796;nexus_2k_001085;nexus_2k_000020;nexus_2k_000447;nexus_2k_001179;nexus_2k_000118;nexus_2k_000074;nexus_2k_000519;nexus_2k_001087;nexus_2k_000053,486,646,160,3769,3185,-584,12298,12138,-160,0.057045601267680025,0.07776105928377972,0.02071545801609969,16067,15323,-744,14,2,1,5,9,4,1346,1106,-240,8487,8483,-4,0.001015950421619425,0.00187363380868117,0.000857683387061745,9833,9589,-244,5,1,11
c0_step500,c1_step500,N_500_to1499,17,17,True,True,complete_defined_group,nexus_2k_000675;nexus_2k_001716;nexus_2k_000242;nexus_2k_000823;nexus_2k_001536;nexus_2k_000840;nexus_2k_001577;nexus_2k_001216;nexus_2k_001331;nexus_2k_000142;nexus_2k_001550;nexus_2k_000872;nexus_2k_000952;nexus_2k_001825;nexus_2k_001483;nexus_2k_001439;nexus_2k_001178,2049,2877,828,56295,39719,-16576,47453,46625,-828,0.03799862767279268,0.06247692675193815,0.02447829907914547,103748,86344,-17404,17,0,0,23,50,27,50263,24881,-25382,32868,32841,-27,0.0005530374983468988,0.001729445539759953,0.001176408041413054,83131,57722,-25409,16,1,0
c0_step500,c1_step500,N_ge1500,16,16,True,True,complete_defined_group,nexus_2k_001317;nexus_2k_000869;nexus_2k_001415;nexus_2k_000283;nexus_2k_000935;nexus_2k_000815;nexus_2k_000800;nexus_2k_001211;nexus_2k_001093;nexus_2k_000783;nexus_2k_000083;nexus_2k_001792;nexus_2k_000280;nexus_2k_000167;nexus_2k_001232;nexus_2k_000898,4150,6126,1976,171995,132155,-39840,88542,86566,-1976,0.030873726458783574,0.05304516112272863,0.02217143466394506,260537,218721,-41816,16,0,0,56,116,60,218571,139712,-78859,61451,61391,-60,0.0003998086629969943,0.0011523083418183624,0.000752499678821368,280022,201103,-78919,15,1,0
c0_step500,c1_step500,N_ge2000,7,7,True,True,complete_defined_group,nexus_2k_000783;nexus_2k_000083;nexus_2k_001792;nexus_2k_000280;nexus_2k_000167;nexus_2k_001232;nexus_2k_000898,2169,3112,943,87333,64235,-23098,45483,44540,-943,0.03162868016973621,0.054122209758345724,0.022493529588609514,132816,108775,-24041,7,0,0,33,67,34,107770,65627,-42143,31539,31505,-34,0.000473542600896861,0.0013776653712499743,0.0009041227703531133,139309,97132,-42177,7,0,0
c0_step500,c1_step500,vae_mu_error_top10,10,10,True,True,complete_defined_group,nexus_2k_001415;nexus_2k_000800;nexus_2k_001317;nexus_2k_000872;nexus_2k_000083;nexus_2k_000242;nexus_2k_000935;nexus_2k_000796;nexus_2k_000280;nexus_2k_001232,1929,2877,948,80901,66485,-14416,44204,43256,-948,0.02991555717531385,0.04982033854279406,0.01990478136748021,125105,109741,-15364,10,0,0,23,54,31,97204,68870,-28334,30683,30652,-31,0.0003595632088671414,0.001084010840108401,0.0007244476312412597,127887,99522,-28365,8,1,1
c0_step500,c0_step1000,all50,50,50,True,True,complete_defined_group,nexus_2k_001150;nexus_2k_001045;nexus_2k_000084;nexus_2k_001692;nexus_2k_001843;nexus_2k_000346;nexus_2k_001780;nexus_2k_000796;nexus_2k_001085;nexus_2k_000020;nexus_2k_000447;nexus_2k_001179;nexus_2k_000118;nexus_2k_000074;nexus_2k_000519;nexus_2k_001087;nexus_2k_000053;nexus_2k_000675;nexus_2k_001716;nexus_2k_000242;nexus_2k_000823;nexus_2k_001536;nexus_2k_000840;nexus_2k_001577;nexus_2k_001216;nexus_2k_001331;nexus_2k_000142;nexus_2k_001550;nexus_2k_000872;nexus_2k_000952;nexus_2k_001825;nexus_2k_001483;nexus_2k_001439;nexus_2k_001178;nexus_2k_001317;nexus_2k_000869;nexus_2k_001415;nexus_2k_000283;nexus_2k_000935;nexus_2k_000815;nexus_2k_000800;nexus_2k_001211;nexus_2k_001093;nexus_2k_000783;nexus_2k_000083;nexus_2k_001792;nexus_2k_000280;nexus_2k_000167;nexus_2k_001232;nexus_2k_000898,6685,24340,17655,232059,316372,84313,148293,130638,-17655,0.03395797034455784,0.09820654037805887,0.06424857003350104,380352,447010,66658,50,0,0,84,1422,1338,270180,640620,370440,102806,101468,-1338,0.00045021626459853034,0.0038177981345948356,0.003367581869996305,372986,742088,369102,47,0,3
c0_step500,c0_step1000,N_lt500,17,17,True,True,complete_defined_group,nexus_2k_001150;nexus_2k_001045;nexus_2k_000084;nexus_2k_001692;nexus_2k_001843;nexus_2k_000346;nexus_2k_001780;nexus_2k_000796;nexus_2k_001085;nexus_2k_000020;nexus_2k_000447;nexus_2k_001179;nexus_2k_000118;nexus_2k_000074;nexus_2k_000519;nexus_2k_001087;nexus_2k_000053,486,1909,1423,3769,4620,851,12298,10875,-1423,0.057045601267680025,0.19769067467508933,0.1406450734074093,16067,15495,-572,17,0,0,5,93,88,1346,2043,697,8487,8399,-88,0.001015950421619425,0.017500940910801656,0.01648499048918223,9833,10442,609,14,0,3
c0_step500,c0_step1000,N_500_to1499,17,17,True,True,complete_defined_group,nexus_2k_000675;nexus_2k_001716;nexus_2k_000242;nexus_2k_000823;nexus_2k_001536;nexus_2k_000840;nexus_2k_001577;nexus_2k_001216;nexus_2k_001331;nexus_2k_000142;nexus_2k_001550;nexus_2k_000872;nexus_2k_000952;nexus_2k_001825;nexus_2k_001483;nexus_2k_001439;nexus_2k_001178,2049,7281,5232,56295,71267,14972,47453,42221,-5232,0.03799862767279268,0.11372120265521281,0.07572257498242013,103748,113488,9740,17,0,0,23,409,386,50263,99081,48818,32868,32482,-386,0.0005530374983468988,0.006179134467937242,0.0056260969695903435,83131,131563,48432,17,0,0
c0_step500,c0_step1000,N_ge1500,16,16,True,True,complete_defined_group,nexus_2k_001317;nexus_2k_000869;nexus_2k_001415;nexus_2k_000283;nexus_2k_000935;nexus_2k_000815;nexus_2k_000800;nexus_2k_001211;nexus_2k_001093;nexus_2k_000783;nexus_2k_000083;nexus_2k_001792;nexus_2k_000280;nexus_2k_000167;nexus_2k_001232;nexus_2k_000898,4150,15150,11000,171995,240485,68490,88542,77542,-11000,0.030873726458783574,0.08698722751896924,0.05611350106018567,260537,318027,57490,16,0,0,56,920,864,218571,539496,320925,61451,60587,-864,0.0003998086629969943,0.003056869400238901,0.0026570607372419066,280022,600083,320061,16,0,0
c0_step500,c0_step1000,N_ge2000,7,7,True,True,complete_defined_group,nexus_2k_000783;nexus_2k_000083;nexus_2k_001792;nexus_2k_000280;nexus_2k_000167;nexus_2k_001232;nexus_2k_000898,2169,7954,5785,87333,109665,22332,45483,39698,-5785,0.03162868016973621,0.09625403125775242,0.0646253510880162,132816,149363,16547,7,0,0,33,489,456,107770,214127,106357,31539,31083,-456,0.000473542600896861,0.003972573805384503,0.003499031204487642,139309,245210,105901,7,0,0
c0_step500,c0_step1000,vae_mu_error_top10,10,10,True,True,complete_defined_group,nexus_2k_001415;nexus_2k_000800;nexus_2k_001317;nexus_2k_000872;nexus_2k_000083;nexus_2k_000242;nexus_2k_000935;nexus_2k_000796;nexus_2k_000280;nexus_2k_001232,1929,7749,5820,80901,136844,55943,44204,38384,-5820,0.02991555717531385,0.08125793022451056,0.051342373049196706,125105,175228,50123,10,0,0,23,472,449,97204,340369,243165,30683,30234,-449,0.0003595632088671414,0.0025407283600728846,0.0021811651512057433,127887,370603,242716,10,0,0
c1_step500,c1_step904,all50,50,41,False,False,observed_common_subset,nexus_2k_001150;nexus_2k_001045;nexus_2k_000084;nexus_2k_001692;nexus_2k_001843;nexus_2k_000346;nexus_2k_001780;nexus_2k_000796;nexus_2k_001085;nexus_2k_000020;nexus_2k_000447;nexus_2k_001179;nexus_2k_000118;nexus_2k_000074;nexus_2k_000519;nexus_2k_001087;nexus_2k_000053;nexus_2k_000675;nexus_2k_001716;nexus_2k_000242;nexus_2k_000823;nexus_2k_001536;nexus_2k_000840;nexus_2k_001577;nexus_2k_001216;nexus_2k_001331;nexus_2k_000142;nexus_2k_001550;nexus_2k_000872;nexus_2k_000952;nexus_2k_001825;nexus_2k_001483;nexus_2k_001439;nexus_2k_001178;nexus_2k_001317;nexus_2k_000869;nexus_2k_001415;nexus_2k_000283;nexus_2k_000935;nexus_2k_000815;nexus_2k_000800,5779,15858,10079,93940,93797,-143,90407,80328,-10079,0.05899798371659733,0.15408009094398104,0.09508210722738371,184347,174125,-10222,41,0,0,95,1087,992,80315,110029,29714,63826,62834,-992,0.0013164185102299574,0.012420231151128048,0.011103812640898091,144141,172863,28722,39,0,2
c1_step500,c1_step904,N_lt500,17,17,True,False,complete_defined_group,nexus_2k_001150;nexus_2k_001045;nexus_2k_000084;nexus_2k_001692;nexus_2k_001843;nexus_2k_000346;nexus_2k_001780;nexus_2k_000796;nexus_2k_001085;nexus_2k_000020;nexus_2k_000447;nexus_2k_001179;nexus_2k_000118;nexus_2k_000074;nexus_2k_000519;nexus_2k_001087;nexus_2k_000053,646,2283,1637,3185,3458,273,12138,10501,-1637,0.07776105928377972,0.24647773279352228,0.16871667350974257,15323,13959,-1364,17,0,0,9,154,145,1106,1692,586,8483,8338,-145,0.00187363380868117,0.0297929967111627,0.02791936290248153,9589,10030,441,15,0,2
c1_step500,c1_step904,N_500_to1499,17,17,True,False,complete_defined_group,nexus_2k_000675;nexus_2k_001716;nexus_2k_000242;nexus_2k_000823;nexus_2k_001536;nexus_2k_000840;nexus_2k_001577;nexus_2k_001216;nexus_2k_001331;nexus_2k_000142;nexus_2k_001550;nexus_2k_000872;nexus_2k_000952;nexus_2k_001825;nexus_2k_001483;nexus_2k_001439;nexus_2k_001178,2877,7801,4924,39719,40507,788,46625,41701,-4924,0.06247692675193815,0.1595133421940497,0.09703641544211154,86344,82208,-4136,17,0,0,50,544,494,24881,42603,17722,32841,32347,-494,0.001729445539759953,0.014308635156106158,0.012579189616346204,57722,74950,17228,17,0,0
c1_step500,c1_step904,N_ge1500,16,7,False,False,observed_common_subset,nexus_2k_001317;nexus_2k_000869;nexus_2k_001415;nexus_2k_000283;nexus_2k_000935;nexus_2k_000815;nexus_2k_000800,2256,5774,3518,51036,49832,-1204,31644,28126,-3518,0.051747866776768514,0.12901928362344423,0.07727141684667571,82680,77958,-4722,7,0,0,36,389,353,54328,65734,11406,22502,22149,-353,0.0009362565342903956,0.00877499689829801,0.007838740364007616,76830,87883,11053,7,0,0
c1_step500,c1_step904,vae_mu_error_top10,10,7,False,False,observed_common_subset,nexus_2k_001415;nexus_2k_000800;nexus_2k_001317;nexus_2k_000872;nexus_2k_000242;nexus_2k_000935;nexus_2k_000796,1600,4388,2788,37797,43497,5700,23973,21185,-2788,0.04925350161613052,0.11946962890359117,0.07021612728746066,61770,64682,2912,7,0,0,18,256,238,40848,61691,20843,16991,16753,-238,0.0006220302375809935,0.00648462434773798,0.0058625941101569864,57839,78444,20605,7,0,0
c0_step500,c2_step500,all50,50,39,False,False,observed_common_subset,nexus_2k_001150;nexus_2k_001045;nexus_2k_000084;nexus_2k_001692;nexus_2k_001843;nexus_2k_000346;nexus_2k_001780;nexus_2k_000796;nexus_2k_001085;nexus_2k_000020;nexus_2k_000447;nexus_2k_001179;nexus_2k_000118;nexus_2k_000074;nexus_2k_000519;nexus_2k_001087;nexus_2k_000053;nexus_2k_000675;nexus_2k_001716;nexus_2k_000242;nexus_2k_000823;nexus_2k_001536;nexus_2k_000840;nexus_2k_001577;nexus_2k_001216;nexus_2k_001331;nexus_2k_000142;nexus_2k_001550;nexus_2k_000872;nexus_2k_000952;nexus_2k_001825;nexus_2k_001483;nexus_2k_001439;nexus_2k_001178;nexus_2k_001317;nexus_2k_000869;nexus_2k_001415;nexus_2k_000283;nexus_2k_000935,3534,6996,3462,104943,45880,-59063,82135,78673,-3462,0.03640559166812605,0.10099245732433505,0.064586865656209,187078,124553,-62525,38,1,0,39,202,163,111252,29460,-81792,56888,56725,-163,0.0004636840290575325,0.004665719664160575,0.004202035635103043,168140,86185,-81955,29,2,8
c0_step500,c2_step500,N_lt500,17,17,True,False,complete_defined_group,nexus_2k_001150;nexus_2k_001045;nexus_2k_000084;nexus_2k_001692;nexus_2k_001843;nexus_2k_000346;nexus_2k_001780;nexus_2k_000796;nexus_2k_001085;nexus_2k_000020;nexus_2k_000447;nexus_2k_001179;nexus_2k_000118;nexus_2k_000074;nexus_2k_000519;nexus_2k_001087;nexus_2k_000053,486,944,458,3769,1851,-1918,12298,11840,-458,0.057045601267680025,0.12118877976763592,0.0641431784999559,16067,13691,-2376,16,1,0,5,33,28,1346,440,-906,8487,8459,-28,0.001015950421619425,0.007361963190184049,0.006346012768564624,9833,8899,-934,9,1,7
c0_step500,c2_step500,N_500_to1499,17,17,True,False,complete_defined_group,nexus_2k_000675;nexus_2k_001716;nexus_2k_000242;nexus_2k_000823;nexus_2k_001536;nexus_2k_000840;nexus_2k_001577;nexus_2k_001216;nexus_2k_001331;nexus_2k_000142;nexus_2k_001550;nexus_2k_000872;nexus_2k_000952;nexus_2k_001825;nexus_2k_001483;nexus_2k_001439;nexus_2k_001178,2049,3862,1813,56295,21914,-34381,47453,45640,-1813,0.03799862767279268,0.10260633916947846,0.06460771149668579,103748,67554,-36194,17,0,0,23,112,89,50263,10436,-39827,32868,32779,-89,0.0005530374983468988,0.005156656460784088,0.004603618962437189,83131,43215,-39916,15,1,1
c0_step500,c2_step500,N_ge1500,16,5,False,False,observed_common_subset,nexus_2k_001317;nexus_2k_000869;nexus_2k_001415;nexus_2k_000283;nexus_2k_000935,999,2190,1191,44879,22115,-22764,22384,21193,-1191,0.028847403300558756,0.09184700553598389,0.06299960223542514,67263,43308,-23955,5,0,0,11,57,46,59643,18584,-41059,15533,15487,-46,0.0002925609723662863,0.003334795963141729,0.0030422349907754426,75176,34071,-41105,5,0,0
c0_step500,c2_step500,vae_mu_error_top10,10,6,False,False,observed_common_subset,nexus_2k_001415;nexus_2k_001317;nexus_2k_000872;nexus_2k_000242;nexus_2k_000935;nexus_2k_000796,790,1776,986,35377,18951,-16426,19298,18312,-986,0.028086392320682607,0.08702682837192209,0.058940436051239484,54675,37263,-17412,6,0,0,7,43,36,44837,16321,-28516,13344,13308,-36,0.00024057049574705732,0.002894161198048124,0.0026535907023010666,58181,29629,-28552,6,0,0
c1_step500,c2_step500,all50,50,39,False,False,observed_common_subset,nexus_2k_001150;nexus_2k_001045;nexus_2k_000084;nexus_2k_001692;nexus_2k_001843;nexus_2k_000346;nexus_2k_001780;nexus_2k_000796;nexus_2k_001085;nexus_2k_000020;nexus_2k_000447;nexus_2k_001179;nexus_2k_000118;nexus_2k_000074;nexus_2k_000519;nexus_2k_001087;nexus_2k_000053;nexus_2k_000675;nexus_2k_001716;nexus_2k_000242;nexus_2k_000823;nexus_2k_001536;nexus_2k_000840;nexus_2k_001577;nexus_2k_001216;nexus_2k_001331;nexus_2k_000142;nexus_2k_001550;nexus_2k_000872;nexus_2k_000952;nexus_2k_001825;nexus_2k_001483;nexus_2k_001439;nexus_2k_001178;nexus_2k_001317;nexus_2k_000869;nexus_2k_001415;nexus_2k_000283;nexus_2k_000935,5109,6996,1887,80710,45880,-34830,80560,78673,-1887,0.0595843440940474,0.10099245732433505,0.04140811323028765,161270,124553,-36717,39,0,0,87,202,115,69687,29460,-40227,56840,56725,-115,0.001373311970702678,0.004665719664160575,0.003292407693457897,126527,86185,-40342,29,2,8
c1_step500,c2_step500,N_lt500,17,17,True,False,complete_defined_group,nexus_2k_001150;nexus_2k_001045;nexus_2k_000084;nexus_2k_001692;nexus_2k_001843;nexus_2k_000346;nexus_2k_001780;nexus_2k_000796;nexus_2k_001085;nexus_2k_000020;nexus_2k_000447;nexus_2k_001179;nexus_2k_000118;nexus_2k_000074;nexus_2k_000519;nexus_2k_001087;nexus_2k_000053,646,944,298,3185,1851,-1334,12138,11840,-298,0.07776105928377972,0.12118877976763592,0.04342772048385621,15323,13691,-1632,17,0,0,9,33,24,1106,440,-666,8483,8459,-24,0.00187363380868117,0.007361963190184049,0.005488329381502879,9589,8899,-690,9,0,8
c1_step500,c2_step500,N_500_to1499,17,17,True,False,complete_defined_group,nexus_2k_000675;nexus_2k_001716;nexus_2k_000242;nexus_2k_000823;nexus_2k_001536;nexus_2k_000840;nexus_2k_001577;nexus_2k_001216;nexus_2k_001331;nexus_2k_000142;nexus_2k_001550;nexus_2k_000872;nexus_2k_000952;nexus_2k_001825;nexus_2k_001483;nexus_2k_001439;nexus_2k_001178,2877,3862,985,39719,21914,-17805,46625,45640,-985,0.06247692675193815,0.10260633916947846,0.04012941241754031,86344,67554,-18790,17,0,0,50,112,62,24881,10436,-14445,32841,32779,-62,0.001729445539759953,0.005156656460784088,0.003427210921024135,57722,43215,-14507,15,2,0
c1_step500,c2_step500,N_ge1500,16,5,False,False,observed_common_subset,nexus_2k_001317;nexus_2k_000869;nexus_2k_001415;nexus_2k_000283;nexus_2k_000935,1586,2190,604,37806,22115,-15691,21797,21193,-604,0.050529669454400634,0.09184700553598389,0.04131733608158326,59603,43308,-16295,5,0,0,28,57,29,43700,18584,-25116,15516,15487,-29,0.0009447968686732353,0.003334795963141729,0.0023899990944684936,59216,34071,-25145,5,0,0
c1_step500,c2_step500,vae_mu_error_top10,10,6,False,False,observed_common_subset,nexus_2k_001415;nexus_2k_001317;nexus_2k_000872;nexus_2k_000242;nexus_2k_000935;nexus_2k_000796,1287,1776,489,30871,18951,-11920,18801,18312,-489,0.04926692952570532,0.08702682837192209,0.03775989884621677,49672,37263,-12409,6,0,0,17,43,26,35415,16321,-19094,13334,13308,-26,0.0006969641063485231,0.002894161198048124,0.0021971970916996007,48749,29629,-19120,6,0,0
