left,right,uid,gt_vertices,common_available,delta_edge_tp,delta_edge_fp,delta_edge_fn,delta_edge_micro_f1,delta_face_tp,delta_face_fp,delta_face_fn,delta_face_micro_f1
c0_step500,c1_step500,nexus_2k_001150,18,True,2,0,-2,0.08682170542635659,0,0,0,0.0
c0_step500,c1_step500,nexus_2k_001045,54,True,0,-1,0,0.0,0,0,0,0.0
c0_step500,c1_step500,nexus_2k_000084,128,True,0,-3,0,0.00023368429252080408,0,-1,0,0.0
c0_step500,c1_step500,nexus_2k_001692,150,True,5,-5,-5,0.0202020202020202,0,4,0,0.0
c0_step500,c1_step500,nexus_2k_001843,188,True,7,-23,-7,0.02290571746153864,0,-1,0,0.0
c0_step500,c1_step500,nexus_2k_000346,192,True,3,-19,-3,0.00986375327655828,0,-4,0,0.0
c0_step500,c1_step500,nexus_2k_001780,196,True,-4,-25,4,-0.010854159656582346,0,-3,0,0.0
c0_step500,c1_step500,nexus_2k_000796,200,True,6,54,-6,0.010419277279863658,0,13,0,0.0
c0_step500,c1_step500,nexus_2k_001085,226,True,15,-20,-15,0.03779275479207805,0,-3,0,0.0
c0_step500,c1_step500,nexus_2k_000020,288,True,-4,-71,4,-0.0034281081117756573,0,-41,0,0.0
c0_step500,c1_step500,nexus_2k_000447,332,True,19,16,-19,0.02436572715210486,1,12,-1,0.002347417840375587
c0_step500,c1_step500,nexus_2k_001179,325,True,16,13,-16,0.02423644261821796,0,14,0,0.0
c0_step500,c1_step500,nexus_2k_000118,362,True,8,-85,-8,0.016156774050537635,1,-121,-1,0.003355704697986577
c0_step500,c1_step500,nexus_2k_000074,386,True,9,-50,-9,0.015955396968930502,-1,-20,1,-0.002506265664160401
c0_step500,c1_step500,nexus_2k_000519,392,True,22,-122,-22,0.033147203814680594,1,-47,-1,0.0024968789013732834
c0_step500,c1_step500,nexus_2k_001087,426,True,20,-199,-20,0.03530480617483621,1,-60,-1,0.0026007607972677064
c0_step500,c1_step500,nexus_2k_000053,488,True,36,-44,-36,0.027058565352635663,1,18,-1,0.0011686740361876477
c0_step500,c1_step500,nexus_2k_000675,516,True,18,-345,-18,0.024826525082331893,1,-255,-1,0.001755926251097454
c0_step500,c1_step500,nexus_2k_001716,534,True,4,-266,-4,0.010451796523887946,0,-194,0,0.00018207756128693175
c0_step500,c1_step500,nexus_2k_000242,652,True,42,-105,-42,0.025177706037885654,2,-161,-2,0.00214843288187189
c0_step500,c1_step500,nexus_2k_000823,666,True,24,-380,-24,0.018138284231242453,1,-783,-1,0.0015116645912718013
c0_step500,c1_step500,nexus_2k_001536,728,True,37,-527,-37,0.028012383683707384,0,-412,0,0.00041099993440959766
c0_step500,c1_step500,nexus_2k_000840,798,True,33,-484,-33,0.023709094179013977,1,-344,-1,0.001105296227820302
c0_step500,c1_step500,nexus_2k_001577,836,True,41,-294,-41,0.02147645127281845,1,-204,-1,0.0007576986461103
c0_step500,c1_step500,nexus_2k_001216,938,True,26,-882,-26,0.024662779858570037,0,-383,0,0.00034192724359622924
c0_step500,c1_step500,nexus_2k_001331,969,True,38,10,-38,0.013672277719765015,3,150,-3,0.0018450184501845018
c0_step500,c1_step500,nexus_2k_000142,1029,True,53,-1960,-53,0.027989181629784213,1,-2932,-1,0.0005943536404160475
c0_step500,c1_step500,nexus_2k_001550,1137,True,87,-1216,-87,0.03031810220935973,0,-1759,0,0.00010893418214055355
c0_step500,c1_step500,nexus_2k_000872,1215,True,80,-669,-80,0.025276549993393044,3,-791,-3,0.0013300096592324543
c0_step500,c1_step500,nexus_2k_000952,1251,True,56,-385,-56,0.020947346734725335,8,-158,-8,0.004152366063689518
c0_step500,c1_step500,nexus_2k_001825,1277,True,33,-2840,-33,0.016806735824011428,1,-6187,-1,0.0006533308460131864
c0_step500,c1_step500,nexus_2k_001483,1418,True,128,-2087,-128,0.03739792938102344,5,-3843,-5,0.001907106927924313
c0_step500,c1_step500,nexus_2k_001439,1446,True,75,-2828,-75,0.03038621311011238,1,-4588,-1,0.0005823881012221602
c0_step500,c1_step500,nexus_2k_001178,1458,True,53,-1318,-53,0.015207553485251758,-1,-2538,1,-0.0002388344877000239
c0_step500,c1_step500,nexus_2k_001317,1536,True,104,-2304,-104,0.01700257256954928,0,-6838,0,5.217527927980887e-05
c0_step500,c1_step500,nexus_2k_000869,1590,True,96,-1254,-96,0.027108677992615224,6,-1473,-6,0.002615263101367396
c0_step500,c1_step500,nexus_2k_001415,1609,True,162,-939,-162,0.026466115622414754,5,-957,-5,0.0008571918395336877
c0_step500,c1_step500,nexus_2k_000283,1644,True,122,-2033,-122,0.023153601238605253,6,-5987,-6,0.0010769650990710854
c0_step500,c1_step500,nexus_2k_000935,1713,True,103,-543,-103,0.01697633150150162,0,-688,0,1.2941799626649763e-05
c0_step500,c1_step500,nexus_2k_000815,1735,True,131,-2471,-131,0.028852382743784676,3,-4773,-3,0.0010385861034771407
c0_step500,c1_step500,nexus_2k_000800,1829,True,99,-1795,-99,0.01951736668089528,-1,-3420,1,-9.969394258479758e-05
c0_step500,c1_step500,nexus_2k_001211,1830,True,131,-2334,-131,0.02475392142856913,4,-5331,-4,0.0008006901369699223
c0_step500,c1_step500,nexus_2k_001093,1964,True,85,-3069,-85,0.017057190442425582,3,-7249,-3,0.0005341890436842277
c0_step500,c1_step500,nexus_2k_000783,2172,True,95,-6040,-95,0.027280979510594577,1,-12581,-1,0.0010046039999606373
c0_step500,c1_step500,nexus_2k_000083,2238,True,118,-1460,-118,0.01425722269238109,7,-2317,-7,0.0006913114318287733
c0_step500,c1_step500,nexus_2k_001792,2244,True,175,-2154,-175,0.020133729563942406,5,-4154,-5,0.000424479590362814
c0_step500,c1_step500,nexus_2k_000280,2279,True,108,-3840,-108,0.019287835840580757,7,-8508,-7,0.0015555033052764553
c0_step500,c1_step500,nexus_2k_000167,2273,True,136,-2621,-136,0.02434717902913798,4,-3267,-4,0.000925363622609518
c0_step500,c1_step500,nexus_2k_001232,2398,True,126,-2815,-126,0.024579758603761756,8,-4667,-8,0.0022447976942744714
c0_step500,c1_step500,nexus_2k_000898,2547,True,185,-4168,-185,0.03210329290729667,2,-6649,-2,0.000885726750533504
c0_step500,c0_step1000,nexus_2k_001150,18,True,2,0,-2,0.08682170542635659,0,0,0,0.0
c0_step500,c0_step1000,nexus_2k_001045,54,True,17,5,-17,0.18681318681318682,2,3,-2,0.03669724770642202
c0_step500,c0_step1000,nexus_2k_000084,128,True,23,5,-23,0.10698390550196069,0,-1,0,0.0
c0_step500,c0_step1000,nexus_2k_001692,150,True,77,36,-77,0.24427830940988834,6,22,-6,0.038338658146964855
c0_step500,c0_step1000,nexus_2k_001843,188,True,70,107,-70,0.1578257618110665,5,53,-5,0.022026431718061675
c0_step500,c0_step1000,nexus_2k_000346,192,True,55,202,-55,0.10883131588852446,3,118,-3,0.011764705882352941
c0_step500,c0_step1000,nexus_2k_001780,196,True,49,18,-49,0.1339890883770944,2,14,-2,0.009925558312655087
c0_step500,c0_step1000,nexus_2k_000796,200,True,52,134,-52,0.09882174291273668,2,91,-2,0.007042253521126761
c0_step500,c0_step1000,nexus_2k_001085,226,True,87,60,-87,0.17284296992510503,4,58,-4,0.015717092337917484
c0_step500,c0_step1000,nexus_2k_000020,288,True,68,38,-68,0.10550878106645833,0,-4,0,0.0
c0_step500,c0_step1000,nexus_2k_000447,332,True,123,109,-123,0.13879720562923964,5,126,-5,0.010309278350515464
c0_step500,c0_step1000,nexus_2k_001179,325,True,132,156,-132,0.1629602989070711,12,127,-12,0.029484029484029485
c0_step500,c0_step1000,nexus_2k_000118,362,True,65,124,-65,0.07810384675247634,3,51,-3,0.007792207792207792
c0_step500,c0_step1000,nexus_2k_000074,386,True,143,76,-143,0.1679400690518234,9,60,-9,0.02056178508555125
c0_step500,c0_step1000,nexus_2k_000519,392,True,97,96,-97,0.10592567533924394,2,102,-2,0.004206098843322818
c0_step500,c0_step1000,nexus_2k_001087,426,True,137,34,-137,0.14038199224823456,11,86,-11,0.021095790342637692
c0_step500,c0_step1000,nexus_2k_000053,488,True,226,-349,-226,0.17885471021244875,22,-209,-22,0.030322312815014907
c0_step500,c0_step1000,nexus_2k_000675,516,True,182,162,-182,0.12961848489461586,12,208,-12,0.014879107253564786
c0_step500,c0_step1000,nexus_2k_001716,534,True,154,262,-154,0.09199288985732028,16,669,-16,0.013862714864942036
c0_step500,c0_step1000,nexus_2k_000242,652,True,283,1221,-283,0.10129258759617937,22,2090,-22,0.009387649679966487
c0_step500,c0_step1000,nexus_2k_000823,666,True,271,1002,-271,0.09113745871078302,27,3347,-27,0.0068372510251757165
c0_step500,c0_step1000,nexus_2k_001536,728,True,176,-549,-176,0.10659844005037926,13,-333,-13,0.013995174519641156
c0_step500,c0_step1000,nexus_2k_000840,798,True,204,-273,-204,0.10148439133774878,10,113,-10,0.00785547781729306
c0_step500,c0_step1000,nexus_2k_001577,836,True,179,-1171,-179,0.11168147442880119,5,-1056,-5,0.005432212539393716
c0_step500,c0_step1000,nexus_2k_001216,938,True,237,-217,-237,0.09564539577631784,7,709,-7,0.0035531128458137213
c0_step500,c0_step1000,nexus_2k_001331,969,True,357,3391,-357,0.06028700299649162,44,7308,-44,0.008420246866328581
c0_step500,c0_step1000,nexus_2k_000142,1029,True,281,-455,-281,0.07567572610833456,14,24,-14,0.004420587306599305
c0_step500,c0_step1000,nexus_2k_001550,1137,True,426,2872,-426,0.06593733583611422,30,8527,-30,0.0037807798028420157
c0_step500,c0_step1000,nexus_2k_000872,1215,True,507,3277,-507,0.07479507843234663,47,10271,-47,0.005412739449347717
c0_step500,c0_step1000,nexus_2k_000952,1251,True,574,1954,-574,0.10887784231641606,56,4850,-56,0.011977794480339884
c0_step500,c0_step1000,nexus_2k_001825,1277,True,211,2017,-211,0.02971899687931041,9,5104,-9,0.0010610516092878569
c0_step500,c0_step1000,nexus_2k_001483,1418,True,389,1471,-389,0.058530043921128865,25,6665,-25,0.003000451980961256
c0_step500,c0_step1000,nexus_2k_001439,1446,True,497,504,-497,0.07996822802780962,38,867,-38,0.00718057335909537
c0_step500,c0_step1000,nexus_2k_001178,1458,True,304,-496,-304,0.0585734343344539,11,-545,-11,0.0028223900020958943
c0_step500,c0_step1000,nexus_2k_001317,1536,True,461,14788,-461,0.018964722250429816,35,97886,-35,0.00044387386055827407
c0_step500,c0_step1000,nexus_2k_000869,1590,True,550,-124,-550,0.1022722931694666,56,1175,-56,0.013326973885176233
c0_step500,c0_step1000,nexus_2k_001415,1609,True,563,6575,-563,0.044133334269955804,30,23836,-30,0.001644556517925666
c0_step500,c0_step1000,nexus_2k_000283,1644,True,431,2171,-431,0.04468043772790438,24,7381,-24,0.0018020400349279542
c0_step500,c0_step1000,nexus_2k_000935,1713,True,550,7453,-550,0.04143311218577646,44,24874,-44,0.002341982394510669
c0_step500,c0_step1000,nexus_2k_000815,1735,True,716,1545,-716,0.08341559237033477,59,7760,-59,0.0053627902386428
c0_step500,c0_step1000,nexus_2k_000800,1829,True,624,5548,-624,0.051709832777793945,31,15693,-31,0.0020176912388210145
c0_step500,c0_step1000,nexus_2k_001211,1830,True,771,4988,-771,0.061952710184379124,82,18700,-82,0.00433304033063261
c0_step500,c0_step1000,nexus_2k_001093,1964,True,549,3214,-549,0.04521951822521104,47,17263,-47,0.0022632275173675317
c0_step500,c0_step1000,nexus_2k_000783,2172,True,578,-2236,-578,0.065985011472028,35,-4215,-35,0.003985768650771606
c0_step500,c0_step1000,nexus_2k_000083,2238,True,677,9086,-677,0.036909678381179534,49,45242,-49,0.001317705991954272
c0_step500,c0_step1000,nexus_2k_001792,2244,True,662,3239,-662,0.047704313460909614,50,25971,-50,0.0017007795073191627
c0_step500,c0_step1000,nexus_2k_000280,2279,True,806,2221,-806,0.06559066123778054,53,5739,-53,0.003966979178999729
c0_step500,c0_step1000,nexus_2k_000167,2273,True,686,3039,-686,0.059054169555407036,48,10200,-48,0.0038539112702537827
c0_step500,c0_step1000,nexus_2k_001232,2398,True,1297,5640,-1297,0.09273052102438631,136,17443,-136,0.008082552534184514
c0_step500,c0_step1000,nexus_2k_000898,2547,True,1079,1343,-1079,0.0934170445041434,85,5977,-85,0.007310972240405025
c1_step500,c1_step904,nexus_2k_001150,18,True,7,1,-7,0.24402515723270443,1,0,-1,0.06896551724137931
c1_step500,c1_step904,nexus_2k_001045,54,True,19,0,-19,0.21348314606741572,0,1,0,0.0
c1_step500,c1_step904,nexus_2k_000084,128,True,40,16,-40,0.17512601772544442,0,4,0,0.0
c1_step500,c1_step904,nexus_2k_001692,150,True,79,8,-79,0.26121003852962615,6,16,-6,0.03858520900321544
c1_step500,c1_step904,nexus_2k_001843,188,True,79,85,-79,0.18188055139612375,3,38,-3,0.013761467889908258
c1_step500,c1_step904,nexus_2k_000346,192,True,73,56,-73,0.17789310404258987,3,41,-3,0.013986013986013986
c1_step500,c1_step904,nexus_2k_001780,196,True,48,11,-48,0.13990921753698998,2,4,-2,0.010256410256410256
c1_step500,c1_step904,nexus_2k_000796,200,True,61,42,-61,0.12493480921717844,3,91,-3,0.010309278350515464
c1_step500,c1_step904,nexus_2k_001085,226,True,55,-45,-55,0.1342395243418547,6,4,-6,0.02643171806167401
c1_step500,c1_step904,nexus_2k_000020,288,True,82,41,-82,0.13412904212365423,1,37,-1,0.003215434083601286
c1_step500,c1_step904,nexus_2k_000447,332,True,154,36,-154,0.17580000157132641,13,71,-13,0.02756711207415433
c1_step500,c1_step904,nexus_2k_001179,325,True,146,113,-146,0.17888449885913427,25,137,-25,0.05875440658049354
c1_step500,c1_step904,nexus_2k_000118,362,True,87,-5,-87,0.12510606587569228,4,25,-4,0.012644295302013423
c1_step500,c1_step904,nexus_2k_000074,386,True,142,42,-142,0.17495673879081047,9,49,-9,0.02155688622754491
c1_step500,c1_step904,nexus_2k_000519,392,True,90,50,-90,0.10584922636277556,4,59,-4,0.009077195172700791
c1_step500,c1_step904,nexus_2k_001087,426,True,158,150,-158,0.15511973946601598,20,132,-20,0.03822188114407571
c1_step500,c1_step904,nexus_2k_000053,488,True,317,-328,-317,0.23829670792287616,45,-123,-45,0.056637330179560914
c1_step500,c1_step904,nexus_2k_000675,516,True,128,115,-128,0.1057021767183498,11,136,-11,0.016906593189026965
c1_step500,c1_step904,nexus_2k_001716,534,True,172,65,-172,0.12471993089379162,22,277,-22,0.026163498784289415
c1_step500,c1_step904,nexus_2k_000242,652,True,285,702,-285,0.1144756566512416,26,1367,-26,0.013686678244782768
c1_step500,c1_step904,nexus_2k_000823,666,True,306,387,-306,0.13089564994729125,41,1498,-41,0.018534299673336443
c1_step500,c1_step904,nexus_2k_001536,728,True,171,-585,-171,0.12716711274439887,9,-245,-9,0.01179020549901948
c1_step500,c1_step904,nexus_2k_000840,798,True,178,-86,-178,0.09291133042746409,15,252,-15,0.01263209474879456
c1_step500,c1_step904,nexus_2k_001577,836,True,196,-792,-196,0.11530989933980675,10,-758,-10,0.010179856368149396
c1_step500,c1_step904,nexus_2k_001216,938,True,272,46,-272,0.11814946188395095,19,353,-19,0.013335643777336936
c1_step500,c1_step904,nexus_2k_001331,969,True,322,1762,-322,0.0699359290680534,45,3511,-45,0.012256039129133948
c1_step500,c1_step904,nexus_2k_000142,1029,True,207,-1554,-207,0.11119514313769924,14,-807,-14,0.011069721009661714
c1_step500,c1_step904,nexus_2k_001550,1137,True,282,-757,-282,0.09214283468739753,28,-658,-28,0.013265426499320285
c1_step500,c1_step904,nexus_2k_000872,1215,True,419,1788,-419,0.07385522774529674,37,5621,-37,0.005906463275525395
c1_step500,c1_step904,nexus_2k_000952,1251,True,555,1341,-555,0.116806486713557,77,3846,-77,0.017130715290952187
c1_step500,c1_step904,nexus_2k_001825,1277,True,200,-781,-200,0.06067234995779608,16,-226,-16,0.0070298176197195646
c1_step500,c1_step904,nexus_2k_001483,1418,True,501,764,-501,0.09390423368341876,60,4074,-60,0.01135049096933692
c1_step500,c1_step904,nexus_2k_001439,1446,True,489,200,-489,0.10459856805539447,50,598,-50,0.017411332469505436
c1_step500,c1_step904,nexus_2k_001178,1458,True,241,-1827,-241,0.07067978530636693,14,-1117,-14,0.005917159763313609
c1_step500,c1_step904,nexus_2k_001317,1536,True,314,-553,-314,0.04356737315731825,33,-703,-33,0.003469693451100184
c1_step500,c1_step904,nexus_2k_000869,1590,True,525,-465,-525,0.11559805192827284,66,997,-66,0.01927115204313625
c1_step500,c1_step904,nexus_2k_001415,1609,True,709,3037,-709,0.0722060071150086,73,11678,-73,0.005804635038375524
c1_step500,c1_step904,nexus_2k_000283,1644,True,321,-4338,-321,0.09503046130034126,27,-6728,-27,0.011087678505607088
c1_step500,c1_step904,nexus_2k_000935,1713,True,440,107,-440,0.06392324294937132,34,1827,-34,0.005714618247364894
c1_step500,c1_step904,nexus_2k_000815,1735,True,649,431,-649,0.09645759431094929,88,3373,-88,0.014194924614140271
c1_step500,c1_step904,nexus_2k_000800,1829,True,560,577,-560,0.0767665723007574,32,962,-32,0.006323750370657484
c1_step500,c1_step904,nexus_2k_001211,1830,False,,,,,,,,
c1_step500,c1_step904,nexus_2k_001093,1964,False,,,,,,,,
c1_step500,c1_step904,nexus_2k_000783,2172,False,,,,,,,,
c1_step500,c1_step904,nexus_2k_000083,2238,False,,,,,,,,
c1_step500,c1_step904,nexus_2k_001792,2244,False,,,,,,,,
c1_step500,c1_step904,nexus_2k_000280,2279,False,,,,,,,,
c1_step500,c1_step904,nexus_2k_000167,2273,False,,,,,,,,
c1_step500,c1_step904,nexus_2k_001232,2398,False,,,,,,,,
c1_step500,c1_step904,nexus_2k_000898,2547,False,,,,,,,,
c0_step500,c2_step500,nexus_2k_001150,18,True,5,2,-5,0.19348837209302325,0,0,0,0.0
c0_step500,c2_step500,nexus_2k_001045,54,True,5,-3,-5,0.06172839506172839,0,0,0,0.0
c0_step500,c2_step500,nexus_2k_000084,128,True,10,-6,-10,0.049945157258373084,0,-1,0,0.0
c0_step500,c2_step500,nexus_2k_001692,150,True,23,-40,-23,0.09795866615950297,0,-6,0,0.0
c0_step500,c2_step500,nexus_2k_001843,188,True,17,-25,-17,0.05278677137309474,0,-1,0,0.0
c0_step500,c2_step500,nexus_2k_000346,192,True,12,-56,-12,0.04017351898651471,0,-8,0,0.0
c0_step500,c2_step500,nexus_2k_001780,196,True,-3,-40,3,-0.006668092810668949,0,-3,0,0.0
c0_step500,c2_step500,nexus_2k_000796,200,True,31,26,-31,0.07209695584860709,3,26,-3,0.011904761904761904
c0_step500,c2_step500,nexus_2k_001085,226,True,20,-82,-20,0.05884750047819832,1,-11,-1,0.004576659038901602
c0_step500,c2_step500,nexus_2k_000020,288,True,6,-169,-6,0.022446591443521548,1,-80,-1,0.003663003663003663
c0_step500,c2_step500,nexus_2k_000447,332,True,51,-63,-51,0.07260361771827374,3,-21,-3,0.007308160779537149
c0_step500,c2_step500,nexus_2k_001179,325,True,53,-14,-53,0.08290675138364405,8,16,-8,0.022889842632331903
c0_step500,c2_step500,nexus_2k_000118,362,True,27,-243,-27,0.05906333181458478,2,-170,-2,0.0072992700729927005
c0_step500,c2_step500,nexus_2k_000074,386,True,7,-102,-7,0.016930113225646984,-1,-23,1,-0.002506265664160401
c0_step500,c2_step500,nexus_2k_000519,392,True,42,-229,-42,0.06716946835547194,2,-75,-2,0.00516795865633075
c0_step500,c2_step500,nexus_2k_001087,426,True,58,-218,-58,0.08361372162277139,3,-46,-3,0.007005373884924992
c0_step500,c2_step500,nexus_2k_000053,488,True,94,-656,-94,0.10127853741659773,6,-503,-6,0.011420987739603154
c0_step500,c2_step500,nexus_2k_000675,516,True,31,-497,-31,0.043672327994850754,0,-317,0,0.0
c0_step500,c2_step500,nexus_2k_001716,534,True,32,-653,-32,0.05147202717242569,3,-431,-3,0.005785086527135997
c0_step500,c2_step500,nexus_2k_000242,652,True,78,-680,-78,0.06206822209376155,2,-597,-2,0.0032647940054919217
c0_step500,c2_step500,nexus_2k_000823,666,True,47,-1152,-47,0.051839310171021384,1,-1640,-1,0.00347548447530331
c0_step500,c2_step500,nexus_2k_001536,728,True,76,-1169,-76,0.07154032448187916,-1,-696,1,-0.0004885533432149416
c0_step500,c2_step500,nexus_2k_000840,798,True,59,-1069,-59,0.05305578260200456,6,-694,-6,0.00730020578214081
c0_step500,c2_step500,nexus_2k_001577,836,True,99,-1304,-99,0.07413097765417201,5,-1088,-5,0.005532895479115311
c0_step500,c2_step500,nexus_2k_001216,938,True,50,-1419,-50,0.0498709498298183,1,-759,-1,0.0017853042146044932
c0_step500,c2_step500,nexus_2k_001331,969,True,72,-1193,-72,0.04566571998169526,6,-776,-6,0.005152425933877201
c0_step500,c2_step500,nexus_2k_000142,1029,True,121,-3498,-121,0.07920324534384793,11,-3984,-11,0.009470512268618166
c0_step500,c2_step500,nexus_2k_001550,1137,True,155,-2889,-155,0.07463835908154864,4,-3613,-4,0.0030085030727591625
c0_step500,c2_step500,nexus_2k_000872,1215,True,133,-2085,-133,0.058188816153298614,10,-2376,-10,0.006468423779611919
c0_step500,c2_step500,nexus_2k_000952,1251,True,91,-1619,-91,0.05378331747210837,6,-1162,-6,0.004559430395819051
c0_step500,c2_step500,nexus_2k_001825,1277,True,102,-4132,-102,0.04608763276999088,4,-7127,-4,0.002415137036480334
c0_step500,c2_step500,nexus_2k_001483,1418,True,250,-3565,-250,0.08470377092155676,16,-5026,-16,0.0073535443847538825
c0_step500,c2_step500,nexus_2k_001439,1446,True,230,-4150,-230,0.08535163836371884,12,-5771,-12,0.006469749405554029
c0_step500,c2_step500,nexus_2k_001178,1458,True,187,-3307,-187,0.061638658442734404,3,-3770,-3,0.0014976534654148014
c0_step500,c2_step500,nexus_2k_001317,1536,True,257,-5496,-257,0.052480455412540095,11,-14974,-11,0.002089669181082072
c0_step500,c2_step500,nexus_2k_000869,1590,True,208,-3453,-208,0.08125697593442655,9,-3246,-9,0.0062300892702508845
c0_step500,c2_step500,nexus_2k_001415,1609,True,318,-4275,-318,0.07556066853777259,9,-5999,-9,0.002715751357875679
c0_step500,c2_step500,nexus_2k_000283,1644,True,239,-5624,-239,0.0670340523013011,16,-12244,-16,0.005676712748637838
c0_step500,c2_step500,nexus_2k_000935,1713,True,169,-3916,-169,0.04616445539933667,1,-4596,-1,0.00047181346000052635
c0_step500,c2_step500,nexus_2k_000815,1735,False,,,,,,,,
c0_step500,c2_step500,nexus_2k_000800,1829,False,,,,,,,,
c0_step500,c2_step500,nexus_2k_001211,1830,False,,,,,,,,
c0_step500,c2_step500,nexus_2k_001093,1964,False,,,,,,,,
c0_step500,c2_step500,nexus_2k_000783,2172,False,,,,,,,,
c0_step500,c2_step500,nexus_2k_000083,2238,False,,,,,,,,
c0_step500,c2_step500,nexus_2k_001792,2244,False,,,,,,,,
c0_step500,c2_step500,nexus_2k_000280,2279,False,,,,,,,,
c0_step500,c2_step500,nexus_2k_000167,2273,False,,,,,,,,
c0_step500,c2_step500,nexus_2k_001232,2398,False,,,,,,,,
c0_step500,c2_step500,nexus_2k_000898,2547,False,,,,,,,,
c1_step500,c2_step500,nexus_2k_001150,18,True,3,2,-3,0.10666666666666666,0,0,0,0.0
c1_step500,c2_step500,nexus_2k_001045,54,True,5,-2,-5,0.06172839506172839,0,0,0,0.0
c1_step500,c2_step500,nexus_2k_000084,128,True,10,-3,-10,0.04971147296585228,0,0,0,0.0
c1_step500,c2_step500,nexus_2k_001692,150,True,18,-35,-18,0.07775664595748277,0,-10,0,0.0
c1_step500,c2_step500,nexus_2k_001843,188,True,10,-2,-10,0.0298810539115561,0,0,0,0.0
c1_step500,c2_step500,nexus_2k_000346,192,True,9,-37,-9,0.03030976570995643,0,-4,0,0.0
c1_step500,c2_step500,nexus_2k_001780,196,True,1,-15,-1,0.004186066845913397,0,0,0,0.0
c1_step500,c2_step500,nexus_2k_000796,200,True,25,-28,-25,0.06167767856874344,3,13,-3,0.011904761904761904
c1_step500,c2_step500,nexus_2k_001085,226,True,5,-62,-5,0.02105474568612027,1,-8,-1,0.004576659038901602
c1_step500,c2_step500,nexus_2k_000020,288,True,10,-98,-10,0.025874699555297205,1,-39,-1,0.003663003663003663
c1_step500,c2_step500,nexus_2k_000447,332,True,32,-79,-32,0.04823789056616888,2,-33,-2,0.0049607429391615625
c1_step500,c2_step500,nexus_2k_001179,325,True,37,-27,-37,0.05867030876542609,8,2,-8,0.022889842632331903
c1_step500,c2_step500,nexus_2k_000118,362,True,19,-158,-19,0.04290655776404714,1,-49,-1,0.003943565375006123
c1_step500,c2_step500,nexus_2k_000074,386,True,-2,-52,2,0.0009747162567164819,0,-3,0,0.0
c1_step500,c2_step500,nexus_2k_000519,392,True,20,-107,-20,0.03402226454079135,1,-28,-1,0.002671079754957466
c1_step500,c2_step500,nexus_2k_001087,426,True,38,-19,-38,0.04830891544793518,2,14,-2,0.004404613087657286
c1_step500,c2_step500,nexus_2k_000053,488,True,58,-612,-58,0.07421997206396207,5,-521,-5,0.010252313703415507
c1_step500,c2_step500,nexus_2k_000675,516,True,13,-152,-13,0.01884580291251886,-1,-62,1,-0.001755926251097454
c1_step500,c2_step500,nexus_2k_001716,534,True,28,-387,-28,0.04102023064853774,3,-237,-3,0.005603008965849065
c1_step500,c2_step500,nexus_2k_000242,652,True,36,-575,-36,0.0368905160558759,0,-436,0,0.0011163611236200315
c1_step500,c2_step500,nexus_2k_000823,666,True,23,-772,-23,0.03370102593977893,0,-857,0,0.001963819884031509
c1_step500,c2_step500,nexus_2k_001536,728,True,39,-642,-39,0.04352794079817178,-1,-284,1,-0.0008995532776245392
c1_step500,c2_step500,nexus_2k_000840,798,True,26,-585,-26,0.029346688422990583,5,-350,-5,0.006194909554320508
c1_step500,c2_step500,nexus_2k_001577,836,True,58,-1010,-58,0.05265452638135357,4,-884,-4,0.004775196833005011
c1_step500,c2_step500,nexus_2k_001216,938,True,24,-537,-24,0.025208169971248265,1,-376,-1,0.001443376971008264
c1_step500,c2_step500,nexus_2k_001331,969,True,34,-1203,-34,0.031993442261930245,3,-926,-3,0.003307407483692699
c1_step500,c2_step500,nexus_2k_000142,1029,True,68,-1538,-68,0.05121406371406372,10,-1052,-10,0.008876158628202119
c1_step500,c2_step500,nexus_2k_001550,1137,True,68,-1673,-68,0.04432025687218892,4,-1854,-4,0.002899568890618609
c1_step500,c2_step500,nexus_2k_000872,1215,True,53,-1416,-53,0.03291226615990557,7,-1585,-7,0.005138414120379466
c1_step500,c2_step500,nexus_2k_000952,1251,True,35,-1234,-35,0.032835970737383036,-2,-1004,2,0.0004070643321295326
c1_step500,c2_step500,nexus_2k_001825,1277,True,69,-1292,-69,0.029280896945979448,3,-940,-3,0.0017618061904671471
c1_step500,c2_step500,nexus_2k_001483,1418,True,122,-1478,-122,0.04730584154053333,11,-1183,-11,0.005446437456829569
c1_step500,c2_step500,nexus_2k_001439,1446,True,155,-1322,-155,0.05496542525360647,11,-1183,-11,0.0058873613043318685
c1_step500,c2_step500,nexus_2k_001178,1458,True,134,-1989,-134,0.04643110495748264,4,-1232,-4,0.0017364879531148252
c1_step500,c2_step500,nexus_2k_001317,1536,True,153,-3192,-153,0.03547788284299082,11,-8136,-11,0.002037493901802263
c1_step500,c2_step500,nexus_2k_000869,1590,True,112,-2199,-112,0.05414829794181132,3,-1773,-3,0.0036148261688834886
c1_step500,c2_step500,nexus_2k_001415,1609,True,156,-3336,-156,0.04909455291535784,4,-5042,-4,0.0018585595183419914
c1_step500,c2_step500,nexus_2k_000283,1644,True,117,-3591,-117,0.043880451062695856,10,-6257,-10,0.004599747649566752
c1_step500,c2_step500,nexus_2k_000935,1713,True,66,-3373,-66,0.029188123897835053,1,-3908,-1,0.0004588716603738766
c1_step500,c2_step500,nexus_2k_000815,1735,False,,,,,,,,
c1_step500,c2_step500,nexus_2k_000800,1829,False,,,,,,,,
c1_step500,c2_step500,nexus_2k_001211,1830,False,,,,,,,,
c1_step500,c2_step500,nexus_2k_001093,1964,False,,,,,,,,
c1_step500,c2_step500,nexus_2k_000783,2172,False,,,,,,,,
c1_step500,c2_step500,nexus_2k_000083,2238,False,,,,,,,,
c1_step500,c2_step500,nexus_2k_001792,2244,False,,,,,,,,
c1_step500,c2_step500,nexus_2k_000280,2279,False,,,,,,,,
c1_step500,c2_step500,nexus_2k_000167,2273,False,,,,,,,,
c1_step500,c2_step500,nexus_2k_001232,2398,False,,,,,,,,
c1_step500,c2_step500,nexus_2k_000898,2547,False,,,,,,,,
