group,uid,gt_vertices,effective_updates,direct_participations,complete_epochs,additional_groups
C0,nexus_2k_001150,18,1000,100,100,0
C0,nexus_2k_001045,54,1000,100,100,0
C0,nexus_2k_000084,128,1000,100,100,0
C0,nexus_2k_001692,150,1000,100,100,0
C0,nexus_2k_001843,188,1000,100,100,0
C0,nexus_2k_000346,192,1000,100,100,0
C0,nexus_2k_001780,196,1000,100,100,0
C0,nexus_2k_000796,200,1000,100,100,0
C0,nexus_2k_001085,226,1000,100,100,0
C0,nexus_2k_000020,288,1000,100,100,0
C0,nexus_2k_000447,332,1000,100,100,0
C0,nexus_2k_001179,325,1000,100,100,0
C0,nexus_2k_000118,362,1000,100,100,0
C0,nexus_2k_000074,386,1000,100,100,0
C0,nexus_2k_000519,392,1000,100,100,0
C0,nexus_2k_001087,426,1000,100,100,0
C0,nexus_2k_000053,488,1000,100,100,0
C0,nexus_2k_000675,516,1000,100,100,0
C0,nexus_2k_001716,534,1000,100,100,0
C0,nexus_2k_000242,652,1000,100,100,0
C0,nexus_2k_000823,666,1000,100,100,0
C0,nexus_2k_001536,728,1000,100,100,0
C0,nexus_2k_000840,798,1000,100,100,0
C0,nexus_2k_001577,836,1000,100,100,0
C0,nexus_2k_001216,938,1000,100,100,0
C0,nexus_2k_001331,969,1000,100,100,0
C0,nexus_2k_000142,1029,1000,100,100,0
C0,nexus_2k_001550,1137,1000,100,100,0
C0,nexus_2k_000872,1215,1000,100,100,0
C0,nexus_2k_000952,1251,1000,100,100,0
C0,nexus_2k_001825,1277,1000,100,100,0
C0,nexus_2k_001483,1418,1000,100,100,0
C0,nexus_2k_001439,1446,1000,100,100,0
C0,nexus_2k_001178,1458,1000,100,100,0
C0,nexus_2k_001317,1536,1000,100,100,0
C0,nexus_2k_000869,1590,1000,100,100,0
C0,nexus_2k_001415,1609,1000,100,100,0
C0,nexus_2k_000283,1644,1000,100,100,0
C0,nexus_2k_000935,1713,1000,100,100,0
C0,nexus_2k_000815,1735,1000,100,100,0
C0,nexus_2k_000800,1829,1000,100,100,0
C0,nexus_2k_001211,1830,1000,100,100,0
C0,nexus_2k_001093,1964,1000,100,100,0
C0,nexus_2k_000783,2172,1000,100,100,0
C0,nexus_2k_000083,2238,1000,100,100,0
C0,nexus_2k_001792,2244,1000,100,100,0
C0,nexus_2k_000280,2279,1000,100,100,0
C0,nexus_2k_000167,2273,1000,100,100,0
C0,nexus_2k_001232,2398,1000,100,100,0
C0,nexus_2k_000898,2547,1000,100,100,0
C1,nexus_2k_001150,18,904,90,90,4
C1,nexus_2k_001045,54,904,91,90,4
C1,nexus_2k_000084,128,904,91,90,4
C1,nexus_2k_001692,150,904,91,90,4
C1,nexus_2k_001843,188,904,90,90,4
C1,nexus_2k_000346,192,904,91,90,4
C1,nexus_2k_001780,196,904,90,90,4
C1,nexus_2k_000796,200,904,90,90,4
C1,nexus_2k_001085,226,904,90,90,4
C1,nexus_2k_000020,288,904,91,90,4
C1,nexus_2k_000447,332,904,90,90,4
C1,nexus_2k_001179,325,904,90,90,4
C1,nexus_2k_000118,362,904,90,90,4
C1,nexus_2k_000074,386,904,90,90,4
C1,nexus_2k_000519,392,904,90,90,4
C1,nexus_2k_001087,426,904,90,90,4
C1,nexus_2k_000053,488,904,91,90,4
C1,nexus_2k_000675,516,904,91,90,4
C1,nexus_2k_001716,534,904,90,90,4
C1,nexus_2k_000242,652,904,91,90,4
C1,nexus_2k_000823,666,904,91,90,4
C1,nexus_2k_001536,728,904,91,90,4
C1,nexus_2k_000840,798,904,90,90,4
C1,nexus_2k_001577,836,904,91,90,4
C1,nexus_2k_001216,938,904,90,90,4
C1,nexus_2k_001331,969,904,90,90,4
C1,nexus_2k_000142,1029,904,91,90,4
C1,nexus_2k_001550,1137,904,90,90,4
C1,nexus_2k_000872,1215,904,90,90,4
C1,nexus_2k_000952,1251,904,90,90,4
C1,nexus_2k_001825,1277,904,90,90,4
C1,nexus_2k_001483,1418,904,91,90,4
C1,nexus_2k_001439,1446,904,90,90,4
C1,nexus_2k_001178,1458,904,91,90,4
C1,nexus_2k_001317,1536,904,90,90,4
C1,nexus_2k_000869,1590,904,91,90,4
C1,nexus_2k_001415,1609,904,91,90,4
C1,nexus_2k_000283,1644,904,90,90,4
C1,nexus_2k_000935,1713,904,91,90,4
C1,nexus_2k_000815,1735,904,90,90,4
C1,nexus_2k_000800,1829,904,91,90,4
C1,nexus_2k_001211,1830,904,90,90,4
C1,nexus_2k_001093,1964,904,90,90,4
C1,nexus_2k_000783,2172,904,90,90,4
C1,nexus_2k_000083,2238,904,90,90,4
C1,nexus_2k_001792,2244,904,91,90,4
C1,nexus_2k_000280,2279,904,90,90,4
C1,nexus_2k_000167,2273,904,91,90,4
C1,nexus_2k_001232,2398,904,90,90,4
C1,nexus_2k_000898,2547,904,90,90,4
C2,nexus_2k_001150,18,1049,105,104,9
C2,nexus_2k_001045,54,1049,104,104,9
C2,nexus_2k_000084,128,1049,105,104,9
C2,nexus_2k_001692,150,1049,105,104,9
C2,nexus_2k_001843,188,1049,105,104,9
C2,nexus_2k_000346,192,1049,105,104,9
C2,nexus_2k_001780,196,1049,104,104,9
C2,nexus_2k_000796,200,1049,105,104,9
C2,nexus_2k_001085,226,1049,105,104,9
C2,nexus_2k_000020,288,1049,105,104,9
C2,nexus_2k_000447,332,1049,105,104,9
C2,nexus_2k_001179,325,1049,105,104,9
C2,nexus_2k_000118,362,1049,105,104,9
C2,nexus_2k_000074,386,1049,105,104,9
C2,nexus_2k_000519,392,1049,105,104,9
C2,nexus_2k_001087,426,1049,105,104,9
C2,nexus_2k_000053,488,1049,105,104,9
C2,nexus_2k_000675,516,1049,105,104,9
C2,nexus_2k_001716,534,1049,105,104,9
C2,nexus_2k_000242,652,1049,105,104,9
C2,nexus_2k_000823,666,1049,105,104,9
C2,nexus_2k_001536,728,1049,105,104,9
C2,nexus_2k_000840,798,1049,105,104,9
C2,nexus_2k_001577,836,1049,105,104,9
C2,nexus_2k_001216,938,1049,105,104,9
C2,nexus_2k_001331,969,1049,105,104,9
C2,nexus_2k_000142,1029,1049,105,104,9
C2,nexus_2k_001550,1137,1049,105,104,9
C2,nexus_2k_000872,1215,1049,104,104,9
C2,nexus_2k_000952,1251,1049,105,104,9
C2,nexus_2k_001825,1277,1049,105,104,9
C2,nexus_2k_001483,1418,1049,105,104,9
C2,nexus_2k_001439,1446,1049,104,104,9
C2,nexus_2k_001178,1458,1049,105,104,9
C2,nexus_2k_001317,1536,1049,105,104,9
C2,nexus_2k_000869,1590,1049,105,104,9
C2,nexus_2k_001415,1609,1049,105,104,9
C2,nexus_2k_000283,1644,1049,105,104,9
C2,nexus_2k_000935,1713,1049,104,104,9
C2,nexus_2k_000815,1735,1049,105,104,9
C2,nexus_2k_000800,1829,1049,105,104,9
C2,nexus_2k_001211,1830,1049,105,104,9
C2,nexus_2k_001093,1964,1049,105,104,9
C2,nexus_2k_000783,2172,1049,105,104,9
C2,nexus_2k_000083,2238,1049,105,104,9
C2,nexus_2k_001792,2244,1049,105,104,9
C2,nexus_2k_000280,2279,1049,105,104,9
C2,nexus_2k_000167,2273,1049,105,104,9
C2,nexus_2k_001232,2398,1049,105,104,9
C2,nexus_2k_000898,2547,1049,105,104,9
